Archipoff Simon <simon.archipoff@etu.u-bordeaux1.fr>
Augonnet Cédric <cedric.augonnet@inria.fr>
Aumage Olivier <olivier.aumage@inria.fr>
Braik William <wbraik@gmail.com>
Bramas Berenger <berenger.bramas@inria.fr>
Buttari Alfredo <alfredo.buttari@enseeiht.fr>
Cassagne Adrien <adrien.cassagne@inria.fr>
Clet-Ortega Jérôme <jerome.clet-ortega@inria.fr>
Collin Nicolas <nicolas.collin@inria.fr>
Courtès Ludovic <ludovic.courtes@inria.fr>
Courtois Yann <yann.courtois33@gmail.com>
Couteyen Jean-Marie <jm.couteyen@gmail.com>
Danjean Vincent <Vincent.Danjean@ens-lyon.org>
Furmento Nathalie <nathalie.furmento@labri.fr>
Gómez David <david_gomez1380@yahoo.com.mx>
Henry Sylvain <sylvain.henry@inria.fr>
Hugo Andra <andra.hugo@inria.fr>
Juhoor Mehdi <mjuhoor@gmail.com>
Lacoste Xavier <xavier.lacoste@inria.fr>
Lizé Benoît <benoit.lize@gmail.com>
Lucas Antoine <antoine.lucas.33@gmail.com>
Mortier Brice <brice.mortier@etu.u-bordeaux1.fr>
Nakov Stojce <stojce.nakov@inria.fr>
Namyst Raymond <raymond.namyst@labri.fr>
Pablo Joris <joris.pablo@orange.fr>
Pasqualinotto Damien <dam.pasqualinotto@wanadoo.fr>
Quôc-Dinh Nguyen <nguyen.quocdinh@gmail.com>
Roelandt Cyril <cyril.roelandt@inria.fr>
Roy Anthony <theanthony33@gmail.com>
Salingue Corentin <corentin.salingue@inria.fr>
Sergent Marc <marc.sergent@inria.fr>
Simonet Anthony <anthony.simonet@etu.u-bordeaux.fr>
Stanisic Luka <luka.stanisic@inria.fr>
Stordeur Ludovic <ludovic.stordeur@inria.fr>
Sylvand Guillaume <guillaume.sylvand@airbus.com>
Tessier François <francois.tessier@inria.fr>
Thibault Samuel <samuel.thibault@ens-lyon.org>
Wacrenier Pierre-André <wacrenier@labri.fr>
